INSERT INTO "outil" ("id", "name", "description", "prix", "image_url") VALUES
('1e7b8f3a-9c4d-4f3e-8f3a-9c4d4f3e8f3a', 'Brouette', 'Brouette robuste pour vos travaux.', 15.99, 'https://m.media-amazon.com/images/I/61uXoVQWfwL._AC_UF1000,1000_QL80_.jpg'),
('2a8c9f4b-0d5e-5f4f-9f4b-0d5e5f4f9f4b', 'Pelle', 'Pelle permettant de creuser de très très gros trous.', 4.99, 'https://www.bosch-professional.com/fr/fr/ocsmedia/273743-54/application-image/1434x828/perceuse-a-percussion-gsb-24-2-060119c801.png'),
('3b9d0f5c-1e6f-4b5a-8c5c-1e6f6b5a0c5c', 'Tondeuse', 'Ça coupe les mauvaises herbes.', 14.99, 'https://static.thcdn.com/images/large/original//productimg/1600/1600/12387827-1495186723101692.jpg'),
('4c1d2e3f-7a8b-4c9d-9e0f-1a2b3c4d5e6f', 'Bétonneuse', 'Bétonneuse électrique pour mélanger le béton sur chantier.', 24.99, 'https://m.media-amazon.com/images/I/616jluxKx1L._UF1000,1000_QL80_.jpg'),
('5d2e3f4a-8b9c-5d0e-0f1a-2b3c4d5e6f7a', 'Compresseur à air', 'Compresseur portable 8 bar, idéal pour outils pneumatiques.', 39.99, 'https://m.media-amazon.com/images/I/61GAloGhsxL.jpg'),
('6e3f4a5b-9c0d-6e1f-1a2b-3c4d5e6f7a8b', 'Arrosoir', 'Arrosoir 10L en métal, léger et résistant.', 1.99, 'https://encrypted-tbn0.gstatic.com/images?q=tbn:ANd9GcS25bSkvv6zA1ZUwSOHW2LXoNkGxPwo-DaG3g&s'),
('7f4a5b6c-0d1e-4f8a-2b3c-4d5e6f7a8b9c', 'Marteau', 'Marteau de charpentier avec manche en bois.', 9.99, 'https://www.aucomptoirdelaquincaillerie.fr/upload/image/-p-image-524890-grande.jpg'),
('8a5b6c7d-1e2f-4a9b-3c4d-5e6f7a8b9c0d', 'Perceuse', 'Perceuse sans fil avec batterie longue durée.', 59.99, 'https://www.maxoutil.com/media/catalog_webp/product/v/o/VOA20129_0.webp?width=265&height=265&store=fr&image-type=image'),
('9a8b7c6d-5e4f-4a3b-2c1d-0e9f8a7b6c5d', 'Scie circulaire', 'Scie circulaire puissante pour coupes précises.', 79.99, 'https://voleda.fr/90922-large_default/scie-circulaire-bosch-gks-190-1400w-190mm.jpg'),
('0a1b2c3d-4e5f-6789-abcd-0123456789ef', 'Niveau à bulle', 'Niveau à bulle magnétique pour une précision optimale.', 14.99, 'https://upload.wikimedia.org/wikipedia/commons/4/41/Water_level_1.jpg'),
('a11b22c3-4d5e-6f77-8899-aabbccddeeff', 'Clé à molette', 'Clé à molette réglable en acier inoxydable.', 12.99, 'https://www.maxoutil.com/media/catalog_webp/product/3/4/34189-017022.webp?width=265&height=265&store=fr&image-type=image'),
('b12c23d4-5e6f-7a88-99bb-ccddeeff0011', 'Coupe carreaux', 'Coupe carrelage manuel pour des découpes nettes.', 29.99, 'https://media.leclercbrico.fr/12135-large_default/coupe-carreaux-manuel-300mm.jpg'),
('c13d24e5-6f71-8a99-bbcc-ddeeff112233', 'Pistolet à peinture', 'Pistolet à peinture électrique pour finitions parfaites.', 89.99, 'https://media.peinturevoiture.fr/14533-large_default/pistolet-peinture-electrique-sans-batterie-jbm.jpg'),
('d14e25f6-7a82-9b00-ccdd-eeff22334455', 'Scie électrique', 'Scie électrique polyvalente pour divers matériaux.', 69.99, 'https://www.qofipro.fr/scie-circulaire-a-metaux-18-v-li-ion-o-150-mm-produit-seul-makita-ig-46446.jpg'),
('e15f36a7-8b93-0c11-ddee-ff3344556677', 'trépans diamantés', 'Trépans diamantés pour perçage de matériaux durs.', 199.99, 'https://tradimat.fr/2194-large_default/trepan-diamant-coupe-a-sec-o-35mm-drygres-rubi.jpg'),
('f16a47b8-9c04-1d22-eeff-001122334455', 'Malaxeur électrique', 'Malaxeur électrique pour mélanger mortier et peinture.', 129.99, 'https://encrypted-tbn0.gstatic.com/images?q=tbn:ANd9GcRfH1g6e3wqG5EhorOT2AHeoIPNKyjXMxxA4w&s'),
('7a4b5c6d-0e1f-4a8b-2c3d-4e5f6a7b8c9d', 'Débroussailleuse', 'Débroussailleuse thermique pour entretenir vos espaces verts.', 179.99, 'https://www.lambin.fr/7131-large_default/debroussailleuse-stihl-fs90r.jpg'),
('8a9b0c1d-2e3f-4a5b-6c7d-8e9f0a1b2c3d', 'Échafaudage', 'Échafaudage modulaire pour travaux en hauteur.', 299.99, 'https://www.ops.fr/21060-large_default/echafaudage-roulant-grande-profondeur-1300mm-fortal.jpg'),
('a1718273-84b9-4cde-8fab-1234567890ab', 'Souffleur de feuilles', 'Souffleur de feuilles puissant pour un jardin propre.', 89.99, 'https://jabot.fr/wp-content/uploads/2023/12/BR-800.jpg'),
('b1829384-95ca-5def-90ab-234567890abc', 'Taille-haie', 'Taille-haie électrique pour des haies bien taillées.', 59.99, 'https://jabot.fr/wp-content/uploads/2023/12/hs45.jpg'),
('c193a495-a6db-6efa-01bc-34567890abcd', 'Pompe à eau', 'Pompe à eau submersible pour vider piscines et bassins.', 49.99, 'https://www.labonnepompe.com/6096-large_default/o.jpg'),
('d1a4b5c6-b7ec-7fab-12cd-4567890abcde', 'Rouleau de peinture', 'Rouleau de peinture avec manche télescopique.', 19.99, 'https://www.manutan.fr/img/S/GRP/ST/AIG6302051.jpg'),
('e1b5c6d7-c8fd-80ab-23de-567890abcdef', 'Cisaille à haies', 'Cisaille manuelle pour tailler les haies avec précision.', 24.99, 'https://pimdatacdn.bahco.com/media/sub1162/1924c9cbb9759a3a.png'),
('f1c6d7e8-d90e-91bc-34ef-67890abcdef0', 'Nacelle élévatrice', 'Nacelle élévatrice pour travaux en hauteur en toute sécurité.', 499.99, 'https://www.sofima.fr/wp-content/uploads/manitou/160atj4wsst5-preview.post37879.png'),
('a1d7e8f9-e01f-a2cd-45f0-7890abcdef01', 'Détecteur de métaux', 'Détecteur de métaux performant pour vos recherches.', 89.99, 'https://moineau-instruments.com/7929-large_default/detecteur-metaux-loisir-initiation-digital-detection-jusqu-a-15-cm.jpg'),
('b1e8f901-f120-b3de-56a1-890abcdef012', 'Scie sabre', 'Scie sabre électrique pour coupes rapides et efficaces.', 69.99, 'https://voleda.fr/82095-large_default/scie-sabre-bosch-gsa-1100-e-filaire.jpg'),
('7a8b9c0d-1e2f-4a5b-6c7d-8e9f0a1b2c3d', 'Perforateur', 'Perforateur burineur pour travaux de démolition.', 159.99, 'https://voleda.fr/90916-large_default/perforateur-burineur-makita-sds-plus-18-v-makita-dhr202z.jpg'),
('c1f90112-0123-c4ef-67b2-90abcdef1234', 'Lame de scie', 'Lame de scie circulaire pour coupes précises.', 29.99, 'https://m.media-amazon.com/images/I/61XgxebGHYL.jpg'),
('d2011223-1234-d5f0-78c3-01abcdef2345', 'Couteau utilitaire', 'Couteau utilitaire avec lames remplaçables.', 9.99, 'https://ayksxzrhep.cloudimg.io/v7/https://mister-materiaux-images.s3.eu-west-3.amazonaws.com/variants/4/b/1/a/toughbuilt-couteau-utilitaire-professionnel-pliant-3-en-1--image-938376.jpg'),
('e3122334-2345-e6a1-89d4-12abcdef3456', 'Ponceuse', 'Ponceuse électrique pour finitions lisses.', 49.99, 'https://m.media-amazon.com/images/I/51dSu3QpMvL._AC_UF1000,1000_QL80_.jpg'),
('f4233445-3456-f7b2-90e5-23abcdef4567', 'Cloueuse', 'Cloueuse pneumatique pour assemblages rapides.', 129.99, 'https://media3.bricolagedirect.com/27448-thickbox_default/cloueuse-pneumatique-1-4.jpg');

INSERT INTO "categorie" ("idcat", "name") VALUES
('1', 'Jardinage'),
('2', 'Bricolage'),
('3', 'Construction'),
('4', 'Peinture'),
('5', 'Outils électriques');

INSERT INTO "outil_categorie" ("outil_id", "categorie_id") VALUES
('3b9d0f5c-1e6f-4b5a-8c5c-1e6f6b5a0c5c', '1'),
('6e3f4a5b-9c0d-6e1f-1a2b-3c4d5e6f7a8b', '1'),
('7a4b5c6d-0e1f-4a8b-2c3d-4e5f6a7b8c9d', '1'),
('a1718273-84b9-4cde-8fab-1234567890ab', '1'),
('b1829384-95ca-5def-90ab-234567890abc', '1'),
('c193a495-a6db-6efa-01bc-34567890abcd', '1'),
('e1b5c6d7-c8fd-80ab-23de-567890abcdef', '1'),
('7f4a5b6c-0d1e-4f8a-2b3c-4d5e6f7a8b9c', '2'),
('0a1b2c3d-4e5f-6789-abcd-0123456789ef', '2'),
('a11b22c3-4d5e-6f77-8899-aabbccddeeff', '2'),
('8a5b6c7d-1e2f-4a9b-3c4d-5e6f7a8b9c0d', '2'),
('c1f90112-0123-c4ef-67b2-90abcdef1234', '2'),
('a1d7e8f9-e01f-a2cd-45f0-7890abcdef01', '2'),
('1e7b8f3a-9c4d-4f3e-8f3a-9c4d4f3e8f3a', '2'),
('2a8c9f4b-0d5e-5f4f-9f4b-0d5e5f4f9f4b', '2'),
('b12c23d4-5e6f-7a88-99bb-ccddeeff0011', '3'),
('e15f36a7-8b93-0c11-ddee-ff3344556677', '3'),
('f16a47b8-9c04-1d22-eeff-001122334455', '3'),
('8a9b0c1d-2e3f-4a5b-6c7d-8e9f0a1b2c3d', '3'),
('f1c6d7e8-d90e-91bc-34ef-67890abcdef0', '3'),
('7a8b9c0d-1e2f-4a5b-6c7d-8e9f0a1b2c3d', '3'),
('4c1d2e3f-7a8b-4c9d-9e0f-1a2b3c4d5e6f', '3'),
('5d2e3f4a-8b9c-5d0e-0f1a-2b3c4d5e6f7a', '3'),
('d1a4b5c6-b7ec-7fab-12cd-4567890abcde', '4'),
('c13d24e5-6f71-8a99-bbcc-ddeeff112233', '4'),
('8a5b6c7d-1e2f-4a9b-3c4d-5e6f7a8b9c0d', '5'),
('9a8b7c6d-5e4f-4a3b-2c1d-0e9f8a7b6c5d', '5'),
('d14e25f6-7a82-9b00-ccdd-eeff22334455', '5'),
('b1e8f901-f120-b3de-56a1-890abcdef012', '5'),
('e3122334-2345-e6a1-89d4-12abcdef3456', '5'),
('f4233445-3456-f7b2-90e5-23abcdef4567', '5');