INSERT INTO "outil" ("id", "name", "description", "prix", "image_url") VALUES
('1e7b8f3a-9c4d-4f3e-8f3a-9c4d4f3e8f3a', 'Brouette', 'Brouette robuste pour vos travaux.', 15.99, 'https://m.media-amazon.com/images/I/61uXoVQWfwL._AC_UF1000,1000_QL80_.jpg'),
('2a8c9f4b-0d5e-5f4f-9f4b-0d5e5f4f9f4b', 'Pelle', 'Pelle permettant de creuser de très très gros trous.', 4.99, 'https://www.bosch-professional.com/fr/fr/ocsmedia/273743-54/application-image/1434x828/perceuse-a-percussion-gsb-24-2-060119c801.png'),
('3b9d0g5c-1e6f-6g5g-0g5c-1e6f6g5g0g5c', 'Tondeuse', 'Ça coupe les mauvaises herbes.', 14.99, 'https://static.thcdn.com/images/large/original//productimg/1600/1600/12387827-1495186723101692.jpg'),
('4c1d2e3f-7a8b-4c9d-9e0f-1a2b3c4d5e6f', 'Bétonneuse', 'Bétonneuse électrique pour mélanger le béton sur chantier.', 24.99, 'https://m.media-amazon.com/images/I/616jluxKx1L._UF1000,1000_QL80_.jpg'),
('5d2e3f4a-8b9c-5d0e-0f1a-2b3c4d5e6f7a', 'Compresseur à air', 'Compresseur portable 8 bar, idéal pour outils pneumatiques.', 39.99, 'https://m.media-amazon.com/images/I/61GAloGhsxL.jpg'),
('6e3f4a5b-9c0d-6e1f-1a2b-3c4d5e6f7a8b', 'Arrosoir', 'Arrosoir 10L en métal, léger et résistant.', 1.99., 'https://encrypted-tbn0.gstatic.com/images?q=tbn:ANd9GcS25bSkvv6zA1ZUwSOHW2LXoNkGxPwo-DaG3g&s'),
('7f4g5h6i-0j1k-7l8m-2n3o-4p5q6r7s8t9u', 'Marteau', 'Marteau de charpentier avec manche en bois.', 9.99, 'https://www.aucomptoirdelaquincaillerie.fr/upload/image/-p-image-524890-grande.jpg'),
('8g5h6i7j-1k2l-8m9n-3o4p-5q6r7s8t9u0v', 'Perceuse', 'Perceuse sans fil avec batterie longue durée.', 59.99, 'https://www.maxoutil.com/media/catalog_webp/product/v/o/VOA20129_0.webp?width=265&height=265&store=fr&image-type=image'),
('9h6i7j8k-2l3m-9n0o-4p5q-6r7s8t9u0v1w', 'Scie circulaire', 'Scie circulaire puissante pour coupes précises.', 79.99, 'https://voleda.fr/90922-large_default/scie-circulaire-bosch-gks-190-1400w-190mm.jpg'),
('0i7j8k9l-3m4n-0o1p-5q6r-7s8t9u0v1w2x', 'Niveau à bulle', 'Niveau à bulle magnétique pour une précision optimale.', 14.99, 'https://upload.wikimedia.org/wikipedia/commons/4/41/Water_level_1.jpg'),
('1j8k9l0m-4n5o-1p2q-6r7s-8t9u0v1w2x3y', 'Clé à molette', 'Clé à molette réglable en acier inoxydable.', 12.99, 'https://www.maxoutil.com/media/catalog_webp/product/3/4/34189-017022.webp?width=265&height=265&store=fr&image-type=image'),
('2k9l0m1n-5o6p-2q3r-7s8t-9u0v1w2x3y4z', 'Coupe carreaux', 'Coupe carrelage manuel pour des découpes nettes.', 29.99, 'https://media.leclercbrico.fr/12135-large_default/coupe-carreaux-manuel-300mm.jpg'),
('3l0m1n2o-6p7q-3r4s-8t9u-0v1w2x3y4z5a', 'Pistolet à peinture', 'Pistolet à peinture électrique pour finitions parfaites.', 89.99, 'https://media.peinturevoiture.fr/14533-large_default/pistolet-peinture-electrique-sans-batterie-jbm.jpg'),
('4m1n2o3p-7q8r-4s5t-9u0v-1w2x3y4z5a6b', 'Scie électrique', 'Scie électrique polyvalente pour divers matériaux.', 69.99, 'https://www.qofipro.fr/scie-circulaire-a-metaux-18-v-li-ion-o-150-mm-produit-seul-makita-ig-46446.jpg'),
('5n2o3p4q-8r9s-5t6u-0v1w-2x3y4z5a6b7c', 'trépans diamantés', 'Trépans diamantés pour perçage de matériaux durs.', 199.99, 'https://example.com/images/trepans.jpg'),
('6o3p4q5r-9s0t-6u7v-1w2x-3y4z5a6b7c8d', 'Malaxeur électrique', 'Malaxeur électrique pour mélanger mortier et peinture.', 129.99, 'https://encrypted-tbn0.gstatic.com/images?q=tbn:ANd9GcRfH1g6e3wqG5EhorOT2AHeoIPNKyjXMxxA4w&s'),
('7p4q5r6s-0t1u-7v8w-2x3y-4z5a6b7c8d9e', 'Débroussailleuse', 'Débroussailleuse thermique pour entretenir vos espaces verts.', 179.99, 'https://www.lambin.fr/7131-large_default/debroussailleuse-stihl-fs90r.jpg'),
('8q5r6s7t-1u2v-8w9x-3y4z-5a6b7c8d9e0f', 'Échafaudage', 'Échafaudage modulaire pour travaux en hauteur.', 299.99, 'https://www.ops.fr/21060-large_default/echafaudage-roulant-grande-profondeur-1300mm-fortal.jpg'),
('9r6s7t8u-2v3w-9x0y-4z5a-6b7c8d9e0f1g', 'Souffleur de feuilles', 'Souffleur de feuilles puissant pour un jardin propre.', 89.99, 'https://jabot.fr/wp-content/uploads/2023/12/BR-800.jpg'),
('0s7t8u9v-3w4x-0y1z-5a6b-7c8d9e0f1g2h', 'Taille-haie', 'Taille-haie électrique pour des haies bien taillées.', 59.99, 'https://materiel-a-batterie.fr/wp-content/uploads/2023/01/HSA-60-1.jpg'),
('1t8u9v0w-4x5y-1z2a-6b7c-8d9e0f1g2h3i', 'Pompe à eau', 'Pompe à eau submersible pour vider piscines et bassins.', 49.99, 'https://www.labonnepompe.com/6096-large_default/o.jpg'),
('2u9v0w1x-5y6z-2a3b-7c8d-9e0f1g2h3i4j', 'Rouleau de peinture', 'Rouleau de peinture avec manche télescopique.', 19.99, 'https://www.manutan.fr/img/S/GRP/ST/AIG6302051.jpg'),
('3v0w1x2y-6z7a-3b4c-8d9e-0f1g2h3i4j5k', 'Cisaille à haies', 'Cisaille manuelle pour tailler les haies avec précision.', 24.99, 'https://pimdatacdn.bahco.com/media/sub1162/1924c9cbb9759a3a.png'),
('4w1x2y3z-7a8b-4c5d-9e0f-1g2h3i4j5k6l', 'Nacelle élévatrice', 'Nacelle élévatrice pour travaux en hauteur en toute sécurité.', 499.99, 'https://www.sofima.fr/wp-content/uploads/manitou/160atj4wsst5-preview.post37879.png'),
('5x2y3z4a-8b9c-5d6e-0f1g-2h3i4j5k6l7m', 'Détecteur de métaux', 'Détecteur de métaux performant pour vos recherches.', 89.99, 'https://moineau-instruments.com/7929-large_default/detecteur-metaux-loisir-initiation-digital-detection-jusqu-a-15-cm.jpg'),
('6y3z4a5b-9c0d-6e7f-1g2h-3i4j5k6l7m8n', 'Scie sabre', 'Scie sabre électrique pour coupes rapides et efficaces.', 69.99, 'https://voleda.fr/82095-large_default/scie-sabre-bosch-gsa-1100-e-filaire.jpg'),
('7z4a5b6c-0d1e-7f8g-2h3i-4j5k6l7m8n9o', 'Perforateur', 'Perforateur burineur pour travaux de démolition.', 159.99, 'https://voleda.fr/90916-large_default/perforateur-burineur-makita-sds-plus-18-v-makita-dhr202z.jpg'),
('8a5b6c7d-1e2f-8g9h-3i4j-5k6l7m8n9o0p', 'Lame de scie', 'Lame de scie circulaire pour coupes précises.', 29.99, 'https://m.media-amazon.com/images/I/61XgxebGHYL.jpg'),
('9b6c7d8e-2f3g-9h0i-4j5k-6l7m8n9o0p1q', 'Couteau utilitaire', 'Couteau utilitaire avec lames remplaçables.', 9.99, 'https://ayksxzrhep.cloudimg.io/v7/https://mister-materiaux-images.s3.eu-west-3.amazonaws.com/variants/4/b/1/a/toughbuilt-couteau-utilitaire-professionnel-pliant-3-en-1--image-938376.jpg'),
('0c7d8e9f-3g4h-0i1j-5k6l-7m8n9o0p1q2r', 'Ponceuse', 'Ponceuse électrique pour finitions lisses.', 49.99, 'https://m.media-amazon.com/images/I/51dSu3QpMvL._AC_UF1000,1000_QL80_.jpg'),
('1d8e9f0g-4h5i-1j2k-6l7m-8n9o0p1q2r3s', 'Cloueuse', 'Cloueuse pneumatique pour assemblages rapides.', 129.99, 'https://media3.bricolagedirect.com/27448-thickbox_default/cloueuse-pneumatique-1-4.jpg');

INSERT INTO "categorie" ("id", "name") VALUES
('1', 'Jardinage'),
('2', 'Bricolage'),
('3', 'Construction'),
('4', 'Peinture'),
('5', 'Outils électriques');

INSERT INTO "outil_categorie" ("outil_id", "categorie_id") VALUES
('3b9d0g5c-1e6f-6g5g-0g5c-1e6f6g5g0g5c', '1'),
('6e3f4a5b-9c0d-6e1f-1a2b-3c4d5e6f7a8b', '1'),
('7p4q5r6s-0t1u-7v8w-2x3y-4z5a6b7c8d9e', '1'),
('9r6s7t8u-2v3w-9x0y-4z5a-6b7c8d9e0f1g', '1'),
('0s7t8u9v-3w4x-0y1z-5a6b-7c8d9e0f1g2h', '1'),
('1t8u9v0w-4x5y-1z2a-6b7c-8d9e0f1g2h3i', '1'),
('3v0w1x2y-6z7a-3b4c-8d9e-0f1g2h3i4j5k', '1'),
('7f4g5h6i-0j1k-7l8m-2n3o-4p5q6r7s8t9u', '2'),
('0i7j8k9l-3m4n-0o1p-5q6r-7s8t9u0v1w2x', '2'),
('1j8k9l0m-4n5o-1p2q-6r7s-8t9u0v1w2x3y', '2'),
('8a5b6c7d-1e2f-8g9h-3i4j-5k6l7m8n9o0p', '2'),
('9b6c7d8e-2f3g-9h0i-4j5k-6l7m8n9o0p1q', '2'),
('5x2y3z4a-8b9c-5d6e-0f1g-2h3i4j5k6l7m', '2'),
('1e7b8f3a-9c4d-4f3e-8f3a-9c4d4f3e8f3a', '2'),
('2a8c9f4b-0d5e-5f4f-9f4b-0d5e5f4f9f4b', '2'),
('2k9l0m1n-5o6p-2q3r-7s8t-9u0v1w2x3y4z', '3'),
('5n2o3p4q-8r9s-5t6u-0v1w-2x3y4z5a6b7c', '3'),
('6o3p4q5r-9s0t-6u7v-1w2x-3y4z5a6b7c8d', '3'),
('8q5r6s7t-1u2v-8w9x-3y4z-5a6b7c8d9e0f', '3'),
('4w1x2y3z-7a8b-4c5d-9e0f-1g2h3i4j5k6l', '3'),
('7z4a5b6c-0d1e-7f8g-2h3i-4j5k6l7m8n9o', '3'),
('4c1d2e3f-7a8b-4c9d-9e0f-1a2b3c4d5e6f', '3'),
('5d2e3f4a-8b9c-5d0e-0f1a-2b3c4d5e6f7a', '3'),
('2u9v0w1x-5y6z-2a3b-7c8d-9e0f1g2h3i4j', '4'),
('3l0m1n2o-6p7q-3r4s-8t9u-0v1w2x3y4z5a', '4'),
('8g5h6i7j-1k2l-8m9n-3o4p-5q6r7s8t9u0v', '5'),
('9h6i7j8k-2l3m-9n0o-4p5q-6r7s8t9u0v1w', '5'),
('4m1n2o3p-7q8r-4s5t-9u0v-1w2x3y4z5a6b', '5'),
('6y3z4a5b-9c0d-6e7f-1g2h-3i4j5k6l7m8n', '5'),
('0c7d8e9f-3g4h-0i1j-5k6l-7m8n9o0p1q2r', '5'),
('1d8e9f0g-4h5i-1j2k-6l7m-8n9o0p1q2r3s', '5'),